{"cameraMode":{"drawMode":0,"name":"Shaded","section":"Shading Mode"},"sceneLighting":false,"audioPlay":false,"sceneViewState":{"showFog":true,"showMaterialUpdate":true,"showSkybox":false,"showFlares":true,"showImageEffects":true,"showParticleSystems":true},"in2DMode":false,"pivot":{"x":-0.14002904295921327,"y":1.4528861045837403,"z":0.0},"rotation":{"x":0.2877787947654724,"y":-0.006304607726633549,"z":0.0019226416479796172,"w":0.9576879739761353},"size":0.34066325426101687,"orthographic":false}