{"cameraMode":{"drawMode":0,"name":"Shaded","section":"Shading Mode"},"sceneLighting":false,"audioPlay":false,"sceneViewState":{"showFog":true,"showMaterialUpdate":true,"showSkybox":false,"showFlares":true,"showImageEffects":true,"showParticleSystems":true},"in2DMode":false,"pivot":{"x":-0.0031071752309799196,"y":0.028584197163581849,"z":-0.15022364258766175},"rotation":{"x":-0.15386126935482026,"y":0.4682259261608124,"z":-0.08317706733942032,"w":-0.8661243915557861},"size":0.12648819386959077,"orthographic":false}