{"cameraMode":{"drawMode":0,"name":"Shaded","section":"Shading Mode"},"sceneLighting":false,"audioPlay":false,"sceneViewState":{"showFog":true,"showMaterialUpdate":true,"showSkybox":false,"showFlares":true,"showImageEffects":true,"showParticleSystems":true},"in2DMode":false,"pivot":{"x":-0.28404873609542849,"y":0.2891237139701843,"z":0.11559277027845383},"rotation":{"x":-0.003875466762110591,"y":-0.6942588686943054,"z":-0.003747248323634267,"w":0.7197237610816956},"size":0.8364998698234558,"orthographic":false}