{"cameraMode":{"drawMode":0,"name":"Shaded","section":"Shading Mode"},"sceneLighting":false,"audioPlay":false,"sceneViewState":{"showFog":true,"showMaterialUpdate":true,"showSkybox":false,"showFlares":true,"showImageEffects":true,"showParticleSystems":true},"in2DMode":false,"pivot":{"x":0.023193359375,"y":0.19758787751197816,"z":-0.003214889904484153},"rotation":{"x":0.3313526213169098,"y":0.5156911015510559,"z":-0.22567065060138703,"w":0.7571945786476135},"size":0.3083488941192627,"orthographic":true}