{"cameraMode":{"drawMode":0,"name":"Shaded","section":"Shading Mode"},"sceneLighting":false,"audioPlay":false,"sceneViewState":{"showFog":true,"showMaterialUpdate":true,"showSkybox":false,"showFlares":true,"showImageEffects":true,"showParticleSystems":true},"in2DMode":false,"pivot":{"x":644.6843872070313,"y":-2.068739652633667,"z":-0.9368078708648682},"rotation":{"x":0.10415396094322205,"y":-0.03578994795680046,"z":0.003736197715625167,"w":0.9939272999763489},"size":244.18798828125,"orthographic":false}