{"cameraMode":{"drawMode":0,"name":"Shaded","section":"Shading Mode"},"sceneLighting":false,"audioPlay":false,"sceneViewState":{"showFog":true,"showMaterialUpdate":true,"showSkybox":false,"showFlares":true,"showImageEffects":true,"showParticleSystems":true},"in2DMode":false,"pivot":{"x":1.3618524074554444,"y":0.04140236973762512,"z":0.03456318378448486},"rotation":{"x":0.0811244398355484,"y":0.09762419015169144,"z":-0.008018135093152523,"w":0.99189293384552},"size":0.5820964574813843,"orthographic":false}