{"cameraMode":{"drawMode":0,"name":"Shaded","section":"Shading Mode"},"sceneLighting":false,"audioPlay":false,"sceneViewState":{"showFog":true,"showMaterialUpdate":true,"showSkybox":false,"showFlares":true,"showImageEffects":true,"showParticleSystems":true},"in2DMode":false,"pivot":{"x":-0.0006994782015681267,"y":0.0006914716213941574,"z":0.004488416016101837},"rotation":{"x":0.2678784728050232,"y":-0.1267285794019699,"z":0.03545922785997391,"w":0.9544534087181091},"size":0.04227829352021217,"orthographic":false}