{"cameraMode":{"drawMode":0,"name":"Shaded","section":"Shading Mode"},"sceneLighting":false,"audioPlay":false,"sceneViewState":{"showFog":true,"showMaterialUpdate":true,"showSkybox":false,"showFlares":true,"showImageEffects":true,"showParticleSystems":true},"in2DMode":false,"pivot":{"x":1.1548008918762208,"y":0.9123839139938355,"z":-0.03055202029645443},"rotation":{"x":-0.01405828446149826,"y":-0.06743470579385758,"z":-0.0009611567365936935,"w":0.9976397752761841},"size":2.955249071121216,"orthographic":false}