{"cameraMode":{"drawMode":0,"name":"Shaded","section":"Shading Mode"},"sceneLighting":false,"audioPlay":false,"sceneViewState":{"showFog":true,"showMaterialUpdate":true,"showSkybox":false,"showFlares":true,"showImageEffects":true,"showParticleSystems":true},"in2DMode":false,"pivot":{"x":0.2097262144088745,"y":-0.12750735878944398,"z":-0.02364334650337696},"rotation":{"x":-0.28110629320144656,"y":-0.04776785522699356,"z":0.014130663126707077,"w":-0.9584124684333801},"size":0.9325036406517029,"orthographic":false}