{"cameraMode":{"drawMode":0,"name":"Shaded","section":"Shading Mode"},"sceneLighting":false,"audioPlay":false,"sceneViewState":{"showFog":true,"showMaterialUpdate":true,"showSkybox":false,"showFlares":true,"showImageEffects":true,"showParticleSystems":true},"in2DMode":false,"pivot":{"x":-0.19287109375,"y":0.15205562114715577,"z":-0.03845437243580818},"rotation":{"x":0.033621206879615787,"y":0.9236453771591187,"z":-0.08335323631763458,"w":0.37255996465682986},"size":0.26962417364120486,"orthographic":true}