{"cameraMode":{"drawMode":0,"name":"Shaded","section":"Shading Mode"},"sceneLighting":false,"audioPlay":false,"sceneViewState":{"showFog":true,"showMaterialUpdate":true,"showSkybox":false,"showFlares":true,"showImageEffects":true,"showParticleSystems":true},"in2DMode":false,"pivot":{"x":-0.04461195319890976,"y":-0.10928499698638916,"z":0.2622458040714264},"rotation":{"x":0.19024299085140229,"y":-0.7990787029266357,"z":0.323717325925827,"w":0.4695938527584076},"size":0.4688650965690613,"orthographic":false}