{"cameraMode":{"drawMode":0,"name":"Shaded","section":"Shading Mode"},"sceneLighting":false,"audioPlay":false,"sceneViewState":{"showFog":true,"showMaterialUpdate":true,"showSkybox":false,"showFlares":true,"showImageEffects":true,"showParticleSystems":true},"in2DMode":false,"pivot":{"x":0.20300129055976869,"y":1.4614900350570679,"z":0.019831359386444093},"rotation":{"x":0.20460011065006257,"y":-0.02289767935872078,"z":0.004768518730998039,"w":0.9785791039466858},"size":0.9406632781028748,"orthographic":false}