{"cameraMode":{"drawMode":0,"name":"Shaded","section":"Shading Mode"},"sceneLighting":false,"audioPlay":false,"sceneViewState":{"showFog":true,"showMaterialUpdate":true,"showSkybox":false,"showFlares":true,"showImageEffects":true,"showParticleSystems":true},"in2DMode":false,"pivot":{"x":0.154028981924057,"y":0.03468962386250496,"z":0.5653599500656128},"rotation":{"x":0.0860765352845192,"y":-0.5984094142913818,"z":0.06488076597452164,"w":0.7939072251319885},"size":5.353761672973633,"orthographic":false}