{"cameraMode":{"drawMode":0,"name":"Shaded","section":"Shading Mode"},"sceneLighting":false,"audioPlay":false,"sceneViewState":{"showFog":true,"showMaterialUpdate":true,"showSkybox":false,"showFlares":true,"showImageEffects":true,"showParticleSystems":true},"in2DMode":false,"pivot":{"x":-0.32601654529571535,"y":-0.06498634070158005,"z":0.05503683164715767},"rotation":{"x":0.23100167512893678,"y":0.42477551102638247,"z":-0.11307024955749512,"w":0.8680137991905212},"size":1.2473053932189942,"orthographic":false}