{"cameraMode":{"drawMode":0,"name":"Shaded","section":"Shading Mode"},"sceneLighting":false,"audioPlay":false,"sceneViewState":{"showFog":false,"showMaterialUpdate":false,"showSkybox":false,"showFlares":false,"showImageEffects":false,"showParticleSystems":false},"in2DMode":false,"pivot":{"x":0.08325344324111939,"y":1.0261962413787842,"z":-0.248540461063385},"rotation":{"x":-0.005661327391862869,"y":0.10630759596824646,"z":0.0005794713506475091,"w":0.9943410754203796},"size":0.5476186275482178,"orthographic":false}