{"cameraMode":{"drawMode":0,"name":"Shaded","section":"Shading Mode"},"sceneLighting":false,"audioPlay":false,"sceneViewState":{"showFog":true,"showMaterialUpdate":true,"showSkybox":false,"showFlares":true,"showImageEffects":true,"showParticleSystems":true},"in2DMode":false,"pivot":{"x":1.7055370807647706,"y":0.5849889516830444,"z":-0.24199485778808595},"rotation":{"x":-0.04527197778224945,"y":0.9546716809272766,"z":-0.2028954178094864,"w":-0.2130989134311676},"size":0.8552493453025818,"orthographic":false}