{"cameraMode":{"drawMode":0,"name":"Shaded","section":"Shading Mode"},"sceneLighting":false,"audioPlay":false,"sceneViewState":{"showFog":true,"showMaterialUpdate":true,"showSkybox":false,"showFlares":true,"showImageEffects":true,"showParticleSystems":true},"in2DMode":false,"pivot":{"x":0.17376330494880677,"y":-0.039446037262678149,"z":0.18177248537540437},"rotation":{"x":-0.3730388581752777,"y":0.4858611226081848,"z":-0.24055762588977815,"w":-0.7529665231704712},"size":0.48854848742485049,"orthographic":false}