{"cameraMode":{"drawMode":0,"name":"Shaded","section":"Shading Mode"},"sceneLighting":false,"audioPlay":false,"sceneViewState":{"showFog":true,"showMaterialUpdate":true,"showSkybox":false,"showFlares":true,"showImageEffects":true,"showParticleSystems":true},"in2DMode":false,"pivot":{"x":0.43086040019989016,"y":2.2620699405670168,"z":-0.06976951658725739},"rotation":{"x":-0.07499271631240845,"y":0.08185027539730072,"z":-0.006096377037465572,"w":-0.9938416481018066},"size":1.0768840312957764,"orthographic":false}