{"cameraMode":{"drawMode":0,"name":"Shaded","section":"Shading Mode"},"sceneLighting":false,"audioPlay":false,"sceneViewState":{"showFog":true,"showMaterialUpdate":true,"showSkybox":false,"showFlares":true,"showImageEffects":true,"showParticleSystems":true},"in2DMode":false,"pivot":{"x":0.003475494682788849,"y":0.02376715838909149,"z":-0.0007787346839904785},"rotation":{"x":-0.12625055015087129,"y":-0.7989327907562256,"z":0.1804063320159912,"w":-0.5597018003463745},"size":0.40359997749328616,"orthographic":false}