{"cameraMode":{"drawMode":0,"name":"Shaded","section":"Shading Mode"},"sceneLighting":false,"audioPlay":false,"sceneViewState":{"showFog":true,"showMaterialUpdate":true,"showSkybox":false,"showFlares":true,"showImageEffects":true,"showParticleSystems":true},"in2DMode":false,"pivot":{"x":0.06268203258514404,"y":0.0000010132789611816407,"z":-4.023313522338867e-7},"rotation":{"x":-0.5105469226837158,"y":0.003640691749751568,"z":-0.0020297947339713575,"w":-0.8598732948303223},"size":0.9325036406517029,"orthographic":false}