{"cameraMode":{"drawMode":0,"name":"Shaded","section":"Shading Mode"},"sceneLighting":false,"audioPlay":false,"sceneViewState":{"showFog":true,"showMaterialUpdate":true,"showSkybox":false,"showFlares":true,"showImageEffects":true,"showParticleSystems":true},"in2DMode":false,"pivot":{"x":-2.503054618835449,"y":0.30868232250213625,"z":0.8585686683654785},"rotation":{"x":0.08270587027072907,"y":0.0857069194316864,"z":-0.007152932230383158,"w":0.9928712248802185},"size":0.8660253882408142,"orthographic":false}