{"cameraMode":{"drawMode":0,"name":"Shaded","section":"Shading Mode"},"sceneLighting":false,"audioPlay":false,"sceneViewState":{"showFog":true,"showMaterialUpdate":true,"showSkybox":false,"showFlares":true,"showImageEffects":true,"showParticleSystems":true},"in2DMode":false,"pivot":{"x":0.01777341589331627,"y":-0.057308703660964969,"z":-0.0334029421210289},"rotation":{"x":-0.3730388581752777,"y":0.4858611226081848,"z":-0.24055762588977815,"w":-0.7529665231704712},"size":0.4782905876636505,"orthographic":false}