{"cameraMode":{"drawMode":0,"name":"Shaded","section":"Shading Mode"},"sceneLighting":false,"audioPlay":false,"sceneViewState":{"showFog":true,"showMaterialUpdate":true,"showSkybox":false,"showFlares":true,"showImageEffects":true,"showParticleSystems":true},"in2DMode":false,"pivot":{"x":0.05876588448882103,"y":-0.02404128946363926,"z":-0.024418270215392114},"rotation":{"x":-0.14389345049858094,"y":-0.6903215646743774,"z":0.14303605258464814,"w":-0.6944699883460999},"size":0.27119919657707217,"orthographic":false}