{"cameraMode":{"drawMode":0,"name":"Shaded","section":"Shading Mode"},"sceneLighting":false,"audioPlay":false,"sceneViewState":{"showFog":true,"showMaterialUpdate":true,"showSkybox":false,"showFlares":true,"showImageEffects":true,"showParticleSystems":true},"in2DMode":false,"pivot":{"x":-0.2781565189361572,"y":1.9454971551895142,"z":-0.19431915879249574},"rotation":{"x":0.07856722921133042,"y":-0.26727861166000368,"z":0.02174273692071438,"w":0.9601946473121643},"size":5.346580505371094,"orthographic":false}