{"cameraMode":{"drawMode":0,"name":"Shaded","section":"Shading Mode"},"sceneLighting":false,"audioPlay":false,"sceneViewState":{"showFog":true,"showMaterialUpdate":true,"showSkybox":false,"showFlares":true,"showImageEffects":true,"showParticleSystems":true},"in2DMode":false,"pivot":{"x":-3.873842239379883,"y":2.3126869201660158,"z":0.6200000047683716},"rotation":{"x":-0.21174348890781403,"y":0.22459985315799714,"z":-0.049984246492385867,"w":-0.949895977973938},"size":2.485527992248535,"orthographic":false}