{"cameraMode":{"drawMode":0,"name":"Shaded","section":"Shading Mode"},"sceneLighting":false,"audioPlay":false,"sceneViewState":{"showFog":true,"showMaterialUpdate":true,"showSkybox":false,"showFlares":true,"showImageEffects":true,"showParticleSystems":true},"in2DMode":false,"pivot":{"x":-2.4851057529449465,"y":0.07645601034164429,"z":0.9215567111968994},"rotation":{"x":0.20460011065006257,"y":-0.02289767935872078,"z":0.004768518730998039,"w":0.9785791039466858},"size":0.8864845633506775,"orthographic":false}