{"cameraMode":{"drawMode":0,"name":"Shaded","section":"Shading Mode"},"sceneLighting":false,"audioPlay":false,"sceneViewState":{"showFog":true,"showMaterialUpdate":true,"showSkybox":false,"showFlares":true,"showImageEffects":true,"showParticleSystems":true},"in2DMode":false,"pivot":{"x":0.07358641922473908,"y":0.19311761856079102,"z":-0.07458312809467316},"rotation":{"x":-0.0713256299495697,"y":-0.023946715518832208,"z":0.0018367122393101454,"w":-0.9971866011619568},"size":0.13295713067054749,"orthographic":false}