{"cameraMode":{"drawMode":0,"name":"Shaded","section":"Shading Mode"},"sceneLighting":false,"audioPlay":false,"sceneViewState":{"showFog":true,"showMaterialUpdate":true,"showSkybox":false,"showFlares":true,"showImageEffects":true,"showParticleSystems":true},"in2DMode":false,"pivot":{"x":-0.11489179730415344,"y":-0.056509003043174747,"z":0.0003351345658302307},"rotation":{"x":-0.10296979546546936,"y":-0.8913018107414246,"z":0.2541849911212921,"w":-0.36106452345848086},"size":0.24733813107013703,"orthographic":false}