{"cameraMode":{"drawMode":0,"name":"Shaded","section":"Shading Mode"},"sceneLighting":false,"audioPlay":false,"sceneViewState":{"showFog":true,"showMaterialUpdate":true,"showSkybox":false,"showFlares":true,"showImageEffects":true,"showParticleSystems":true},"in2DMode":false,"pivot":{"x":0.003084048628807068,"y":0.00041563063859939575,"z":-0.04880407452583313},"rotation":{"x":-0.0713256299495697,"y":-0.023946715518832208,"z":0.0018367122393101454,"w":-0.9971866011619568},"size":0.4514322578907013,"orthographic":false}