{"cameraMode":{"drawMode":0,"name":"Shaded","section":"Shading Mode"},"sceneLighting":false,"audioPlay":false,"sceneViewState":{"showFog":true,"showMaterialUpdate":true,"showSkybox":false,"showFlares":true,"showImageEffects":true,"showParticleSystems":true},"in2DMode":false,"pivot":{"x":-2.7001149654388429,"y":0.18543803691864015,"z":0.8815172910690308},"rotation":{"x":0.09377242624759674,"y":-0.0020805122330784799,"z":0.00020986761956010014,"w":0.9956033825874329},"size":0.8100558519363403,"orthographic":false}