{"cameraMode":{"drawMode":0,"name":"Shaded","section":"Shading Mode"},"sceneLighting":false,"audioPlay":false,"sceneViewState":{"showFog":true,"showMaterialUpdate":true,"showSkybox":false,"showFlares":true,"showImageEffects":true,"showParticleSystems":true},"in2DMode":false,"pivot":{"x":-2.2896780967712404,"y":0.049544528126716617,"z":-0.28937822580337527},"rotation":{"x":0.24686729907989503,"y":-0.13609527051448823,"z":0.03504109010100365,"w":0.9588059782981873},"size":10.0,"orthographic":true}