{"cameraMode":{"drawMode":0,"name":"Shaded","section":"Shading Mode"},"sceneLighting":false,"audioPlay":false,"sceneViewState":{"showFog":true,"showMaterialUpdate":true,"showSkybox":false,"showFlares":true,"showImageEffects":true,"showParticleSystems":true},"in2DMode":false,"pivot":{"x":1.4834740161895753,"y":0.2812625467777252,"z":0.28930380940437319},"rotation":{"x":-0.07499271631240845,"y":0.08185027539730072,"z":-0.006096377037465572,"w":-0.9938416481018066},"size":3.3000171184539797,"orthographic":false}