{"cameraMode":{"drawMode":0,"name":"Shaded","section":"Shading Mode"},"sceneLighting":false,"audioPlay":false,"sceneViewState":{"showFog":true,"showMaterialUpdate":true,"showSkybox":false,"showFlares":true,"showImageEffects":true,"showParticleSystems":true},"in2DMode":false,"pivot":{"x":1.6539311408996583,"y":0.894732654094696,"z":1.1166337728500367},"rotation":{"x":0.1297965943813324,"y":-0.2542768716812134,"z":0.03445976972579956,"w":0.957762598991394},"size":1.9792852401733399,"orthographic":true}