{"cameraMode":{"drawMode":0,"name":"Shaded","section":"Shading Mode"},"sceneLighting":false,"audioPlay":false,"sceneViewState":{"showFog":true,"showMaterialUpdate":true,"showSkybox":false,"showFlares":true,"showImageEffects":true,"showParticleSystems":true},"in2DMode":false,"pivot":{"x":-0.4103100001811981,"y":-0.21749137341976167,"z":0.28345566987991335},"rotation":{"x":0.1738930344581604,"y":0.6502609252929688,"z":-0.15646716952323914,"w":0.7228179574012756},"size":1.2864038944244385,"orthographic":false}