{"cameraMode":{"drawMode":0,"name":"Shaded","section":"Shading Mode"},"sceneLighting":true,"audioPlay":false,"sceneViewState":{"showFog":true,"showMaterialUpdate":true,"showSkybox":true,"showFlares":true,"showImageEffects":true,"showParticleSystems":true},"in2DMode":false,"pivot":{"x":9.114290237426758,"y":-5.952441692352295,"z":17.203428268432618},"rotation":{"x":0.4281981289386749,"y":-0.15193994343280793,"z":0.07328279316425324,"w":0.8878013491630554},"size":22.200563430786134,"orthographic":false}