{"cameraMode":{"drawMode":0,"name":"Shaded","section":"Shading Mode"},"sceneLighting":false,"audioPlay":false,"sceneViewState":{"showFog":true,"showMaterialUpdate":true,"showSkybox":false,"showFlares":true,"showImageEffects":true,"showParticleSystems":true},"in2DMode":false,"pivot":{"x":0.017042474821209909,"y":-0.035704806447029117,"z":0.019235404208302499},"rotation":{"x":-0.09924941509962082,"y":-0.46886351704597475,"z":0.05311846360564232,"w":-0.8760667443275452},"size":0.546400249004364,"orthographic":false}