{"cameraMode":{"drawMode":0,"name":"Shaded","section":"Shading Mode"},"sceneLighting":false,"audioPlay":false,"sceneViewState":{"showFog":true,"showMaterialUpdate":true,"showSkybox":false,"showFlares":true,"showImageEffects":true,"showParticleSystems":true},"in2DMode":false,"pivot":{"x":0.23686452209949494,"y":1.1514496803283692,"z":0.08738037943840027},"rotation":{"x":0.07192584872245789,"y":-0.024824531748890878,"z":0.0017808231059461833,"w":0.9971140623092651},"size":1.185401201248169,"orthographic":false}