{"cameraMode":{"drawMode":0,"name":"Shaded","section":"Shading Mode"},"sceneLighting":false,"audioPlay":false,"sceneViewState":{"showFog":true,"showMaterialUpdate":true,"showSkybox":false,"showFlares":true,"showImageEffects":true,"showParticleSystems":true},"in2DMode":false,"pivot":{"x":-0.13704657554626466,"y":1.3896334171295167,"z":-0.001100827008485794},"rotation":{"x":0.0725455954670906,"y":0.003598037175834179,"z":-0.000283489323919639,"w":0.9973710775375366},"size":0.9187750220298767,"orthographic":false}