{"cameraMode":{"drawMode":0,"name":"Shaded","section":"Shading Mode"},"sceneLighting":false,"audioPlay":false,"sceneViewState":{"showFog":true,"showMaterialUpdate":true,"showSkybox":false,"showFlares":true,"showImageEffects":true,"showParticleSystems":true},"in2DMode":false,"pivot":{"x":-1.0392804145812989,"y":1.3473304510116578,"z":0.0},"rotation":{"x":0.1310325413942337,"y":0.0023901888635009529,"z":-0.00029725179774686694,"w":0.9913875460624695},"size":2.054349184036255,"orthographic":false}