{"cameraMode":{"drawMode":0,"name":"Shaded","section":"Shading Mode"},"sceneLighting":false,"audioPlay":false,"sceneViewState":{"showFog":true,"showMaterialUpdate":true,"showSkybox":false,"showFlares":true,"showImageEffects":true,"showParticleSystems":true},"in2DMode":false,"pivot":{"x":-1.8827908039093018,"y":2.484020709991455,"z":4.5289435386657719},"rotation":{"x":0.3628424406051636,"y":-0.1623130887746811,"z":0.06434080749750138,"w":0.9153469800949097},"size":0.9254834651947022,"orthographic":true}