{"cameraMode":{"drawMode":0,"name":"Shaded","section":"Shading Mode"},"sceneLighting":false,"audioPlay":false,"sceneViewState":{"showFog":true,"showMaterialUpdate":true,"showSkybox":false,"showFlares":true,"showImageEffects":true,"showParticleSystems":true},"in2DMode":false,"pivot":{"x":-2.397883176803589,"y":1.7593532800674439,"z":3.1650190353393556},"rotation":{"x":0.025177855044603349,"y":0.026652507483959199,"z":0.0007872838177718222,"w":-0.9993571043014526},"size":1.207395076751709,"orthographic":false}