{"cameraMode":{"drawMode":0,"name":"Shaded","section":"Shading Mode"},"sceneLighting":false,"audioPlay":false,"sceneViewState":{"showFog":true,"showMaterialUpdate":true,"showSkybox":false,"showFlares":true,"showImageEffects":true,"showParticleSystems":true},"in2DMode":false,"pivot":{"x":-0.01531537901610136,"y":0.049277711659669879,"z":-0.10969974100589752},"rotation":{"x":-0.10296979546546936,"y":-0.8913018107414246,"z":0.2541849911212921,"w":-0.36106452345848086},"size":0.3623696565628052,"orthographic":false}