{"cameraMode":{"drawMode":0,"name":"Shaded","section":"Shading Mode"},"sceneLighting":false,"audioPlay":false,"sceneViewState":{"showFog":true,"showMaterialUpdate":true,"showSkybox":false,"showFlares":true,"showImageEffects":true,"showParticleSystems":true},"in2DMode":false,"pivot":{"x":-0.0067064035683870319,"y":-0.04145292192697525,"z":0.1321212202310562},"rotation":{"x":0.1813509315252304,"y":-0.1765325367450714,"z":0.03312317281961441,"w":0.9668893814086914},"size":0.5052114725112915,"orthographic":false}