{"cameraMode":{"drawMode":0,"name":"Shaded","section":"Shading Mode"},"sceneLighting":false,"audioPlay":false,"sceneViewState":{"showFog":true,"showMaterialUpdate":true,"showSkybox":false,"showFlares":true,"showImageEffects":true,"showParticleSystems":true},"in2DMode":false,"pivot":{"x":-0.08307958394289017,"y":0.7932116985321045,"z":0.279158353805542},"rotation":{"x":0.24686729907989503,"y":-0.13609527051448823,"z":0.03504109010100365,"w":0.9588059782981873},"size":1.1365652084350587,"orthographic":true}