{"cameraMode":{"drawMode":0,"name":"Shaded","section":"Shading Mode"},"sceneLighting":false,"audioPlay":false,"sceneViewState":{"showFog":true,"showMaterialUpdate":true,"showSkybox":false,"showFlares":true,"showImageEffects":true,"showParticleSystems":true},"in2DMode":false,"pivot":{"x":-2.8984663486480715,"y":1.3989462852478028,"z":2.7853634357452394},"rotation":{"x":0.14584209024906159,"y":-0.2076387256383896,"z":-0.03118187189102173,"w":-0.966805636882782},"size":0.6633282899856567,"orthographic":false}