{"cameraMode":{"drawMode":0,"name":"Shaded","section":"Shading Mode"},"sceneLighting":false,"audioPlay":false,"sceneViewState":{"showFog":true,"showMaterialUpdate":true,"showSkybox":false,"showFlares":true,"showImageEffects":true,"showParticleSystems":true},"in2DMode":false,"pivot":{"x":-0.057999998331069949,"y":-0.01900000125169754,"z":0.0},"rotation":{"x":-0.01405828446149826,"y":-0.06743470579385758,"z":-0.0009611567365936935,"w":0.9976397752761841},"size":0.08660253882408142,"orthographic":false}