{"cameraMode":{"drawMode":0,"name":"Shaded","section":"Shading Mode"},"sceneLighting":true,"audioPlay":false,"sceneViewState":{"showFog":true,"showMaterialUpdate":true,"showSkybox":true,"showFlares":true,"showImageEffects":true,"showParticleSystems":true},"in2DMode":false,"pivot":{"x":0.7092145681381226,"y":-8.479490280151368,"z":10.871491432189942},"rotation":{"x":0.4281981289386749,"y":-0.15193994343280793,"z":0.07328279316425324,"w":0.8878013491630554},"size":19.237751007080079,"orthographic":false}