{"cameraMode":{"drawMode":0,"name":"Shaded","section":"Shading Mode"},"sceneLighting":false,"audioPlay":false,"sceneViewState":{"showFog":true,"showMaterialUpdate":true,"showSkybox":false,"showFlares":true,"showImageEffects":true,"showParticleSystems":true},"in2DMode":false,"pivot":{"x":-0.00009916257113218307,"y":0.001972254365682602,"z":0.004330032039433718},"rotation":{"x":-0.07770898938179016,"y":-0.6229656934738159,"z":0.0625319853425026,"w":-0.77589350938797},"size":0.021511971950531007,"orthographic":false}