{"cameraMode":{"drawMode":0,"name":"Shaded","section":"Shading Mode"},"sceneLighting":false,"audioPlay":false,"sceneViewState":{"showFog":true,"showMaterialUpdate":true,"showSkybox":false,"showFlares":true,"showImageEffects":true,"showParticleSystems":true},"in2DMode":false,"pivot":{"x":-0.1118360161781311,"y":0.7946471571922302,"z":0.06234121322631836},"rotation":{"x":0.10415396094322205,"y":-0.03578994795680046,"z":0.003736197715625167,"w":0.9939272999763489},"size":1.4476187229156495,"orthographic":false}