{"cameraMode":{"drawMode":0,"name":"Shaded","section":"Shading Mode"},"sceneLighting":false,"audioPlay":false,"sceneViewState":{"showFog":true,"showMaterialUpdate":true,"showSkybox":false,"showFlares":true,"showImageEffects":true,"showParticleSystems":true},"in2DMode":false,"pivot":{"x":-2.8953704833984377,"y":1.4627916812896729,"z":2.7823798656463625},"rotation":{"x":-0.03929530084133148,"y":0.01945718377828598,"z":-0.0006073769764043391,"w":-0.9990721940994263},"size":0.7973577976226807,"orthographic":false}