{"cameraMode":{"drawMode":0,"name":"Shaded","section":"Shading Mode"},"sceneLighting":false,"audioPlay":false,"sceneViewState":{"showFog":true,"showMaterialUpdate":true,"showSkybox":false,"showFlares":true,"showImageEffects":true,"showParticleSystems":true},"in2DMode":false,"pivot":{"x":1.891834020614624,"y":0.12931638956069947,"z":0.1857612133026123},"rotation":{"x":-0.062318820506334308,"y":0.10579381883144379,"z":-0.006622033193707466,"w":-0.9924272298812866},"size":1.28660249710083,"orthographic":false}